[{"pos_x": 120.904, "pos_y": -117.221, "rotation": 90.0, "side": "top", "designator": "J1", "mpn": null, "pack": "IDC-Header_2x05_P2.54mm_Vertical", "value": "AVR-ISP-10", "mount_type": "tht", "place": true}, {"pos_x": 133.604, "pos_y": -79.883, "rotation": 0.0, "side": "top", "designator": "D12", "mpn": null, "pack": "LED_D3.0mm", "value": "LED", "mount_type": "tht", "place": true}, {"pos_x": 197.099, "pos_y": -98.933, "rotation": 0.0, "side": "top", "designator": "D64", "mpn": null, "pack": "LED_D3.0mm", "value": "LED", "mount_type": "tht", "place": true}, {"pos_x": 197.099, "pos_y": -90.043, "rotation": 0.0, "side": "top", "designator": "D63", "mpn": null, "pack": "LED_D3.0mm", "value": "LED", "mount_type": "tht", "place": true}, {"pos_x": 205.232, "pos_y": -119.126, "rotation": 0.0, "side": "top", "designator": "D38", "mpn": null, "pack": "LED_D3.0mm", "value": "LED", "mount_type": "tht", "place": true}, {"pos_x": 160.274, "pos_y": -44.323, "rotation": 0.0, "side": "top", "designator": "D5", "mpn": null, "pack": "LED_D3.0mm", "value": "LED", "mount_type": "tht", "place": true}, {"pos_x": 182.118, "pos_y": -77.216, "rotation": 0.0, "side": "top", "designator": "D44", "mpn": null, "pack": "LED_D3.0mm", "value": "LED", "mount_type": "tht", "place": true}, {"pos_x": 152.649, "pos_y": -72.263, "rotation": 0.0, "side": "top", "designator": "D69", "mpn": null, "pack": "LED_D3.0mm", "value": "LED", "mount_type": "tht", "place": true}, {"pos_x": 153.924, "pos_y": -44.323, "rotation": 0.0, "side": "top", "designator": "D6", "mpn": null, "pack": "LED_D3.0mm", "value": "LED", "mount_type": "tht", "place": true}, {"pos_x": 197.104, "pos_y": -116.078, "rotation": 0.0, "side": "top", "designator": "D66", "mpn": null, "pack": "LED_D3.0mm", "value": "LED", "mount_type": "tht", "place": true}, {"pos_x": 219.964, "pos_y": -101.473, "rotation": 0.0, "side": "top", "designator": "D35", "mpn": null, "pack": "LED_D3.0mm", "value": "LED", "mount_type": "tht", "place": true}, {"pos_x": 136.144, "pos_y": -87.503, "rotation": 0.0, "side": "top", "designator": "D13", "mpn": null, "pack": "LED_D3.0mm", "value": "LED", "mount_type": "tht", "place": true}, {"pos_x": 141.224, "pos_y": -50.673, "rotation": 0.0, "side": "top", "designator": "D8", "mpn": null, "pack": "LED_D3.0mm", "value": "LED", "mount_type": "tht", "place": true}, {"pos_x": 203.454, "pos_y": -44.323, "rotation": 0.0, "side": "top", "designator": "D25", "mpn": null, "pack": "LED_D3.0mm", "value": "LED", "mount_type": "tht", "place": true}, {"pos_x": 132.334, "pos_y": -72.263, "rotation": 0.0, "side": "top", "designator": "D11", "mpn": null, "pack": "LED_D3.0mm", "value": "LED", "mount_type": "tht", "place": true}, {"pos_x": 194.564, "pos_y": -130.683, "rotation": 0.0, "side": "top", "designator": "D40", "mpn": null, "pack": "LED_D3.0mm", "value": "LED", "mount_type": "tht", "place": true}, {"pos_x": 114.652, "pos_y": -50.419, "rotation": 0.0, "side": "top", "designator": "R1", "mpn": null, "pack": "R_Axial_DIN0207_L6.3mm_D2.5mm_P2.54mm_Vertical", "value": "R", "mount_type": "tht", "place": true}, {"pos_x": 166.624, "pos_y": -107.823, "rotation": 0.0, "side": "top", "designator": "D57", "mpn": null, "pack": "LED_D3.0mm", "value": "LED", "mount_type": "tht", "place": true}, {"pos_x": 191.262, "pos_y": -50.673, "rotation": 0.0, "side": "top", "designator": "D23", "mpn": null, "pack": "LED_D3.0mm", "value": "LED", "mount_type": "tht", "place": true}, {"pos_x": 125.32, "pos_y": -48.26, "rotation": 0.0, "side": "top", "designator": "R4", "mpn": null, "pack": "R_Axial_DIN0207_L6.3mm_D2.5mm_P2.54mm_Vertical", "value": "R", "mount_type": "tht", "place": true}, {"pos_x": 166.624, "pos_y": -46.863, "rotation": 0.0, "side": "top", "designator": "D4", "mpn": null, "pack": "LED_D3.0mm", "value": "LED", "mount_type": "tht", "place": true}, {"pos_x": 147.574, "pos_y": -46.863, "rotation": 0.0, "side": "top", "designator": "D7", "mpn": null, "pack": "LED_D3.0mm", "value": "LED", "mount_type": "tht", "place": true}, {"pos_x": 131.064, "pos_y": -138.176, "rotation": 0.0, "side": "top", "designator": "SW1", "mpn": null, "pack": "SW2PX", "value": "SW_Push", "mount_type": "tht", "place": true}, {"pos_x": 165.354, "pos_y": -124.333, "rotation": 0.0, "side": "top", "designator": "D19", "mpn": null, "pack": "LED_D3.0mm", "value": "LED", "mount_type": "tht", "place": true}, {"pos_x": 232.41, "pos_y": -72.39, "rotation": 0.0, "side": "top", "designator": "D31", "mpn": null, "pack": "LED_D3.0mm", "value": "LED", "mount_type": "tht", "place": true}, {"pos_x": 114.525, "pos_y": -57.79, "rotation": 0.0, "side": "top", "designator": "U1", "mpn": null, "pack": "DIP-40_W15.24mm", "value": "ATmega16-16P", "mount_type": "tht", "place": true}, {"pos_x": 223.774, "pos_y": -95.123, "rotation": 0.0, "side": "top", "designator": "D34", "mpn": null, "pack": "LED_D3.0mm", "value": "LED", "mount_type": "tht", "place": true}, {"pos_x": 197.099, "pos_y": -81.153, "rotation": 0.0, "side": "top", "designator": "D62", "mpn": null, "pack": "LED_D3.0mm", "value": "LED", "mount_type": "tht", "place": true}, {"pos_x": 211.069, "pos_y": -54.483, "rotation": 0.0, "side": "top", "designator": "D73", "mpn": null, "pack": "LED_D3.0mm", "value": "LED", "mount_type": "tht", "place": true}, {"pos_x": 125.349, "pos_y": -52.705, "rotation": 0.0, "side": "top", "designator": "R5", "mpn": null, "pack": "R_Axial_DIN0207_L6.3mm_D2.5mm_P2.54mm_Vertical", "value": "R", "mount_type": "tht", "place": true}, {"pos_x": 176.784, "pos_y": -135.763, "rotation": 0.0, "side": "top", "designator": "D21", "mpn": null, "pack": "LED_D3.0mm", "value": "LED", "mount_type": "tht", "place": true}, {"pos_x": 182.118, "pos_y": -140.716, "rotation": 0.0, "side": "top", "designator": "D42", "mpn": null, "pack": "LED_D3.0mm", "value": "LED", "mount_type": "tht", "place": true}, {"pos_x": 148.844, "pos_y": -107.823, "rotation": 0.0, "side": "top", "designator": "D16", "mpn": null, "pack": "LED_D3.0mm", "value": "LED", "mount_type": "tht", "place": true}, {"pos_x": 145.034, "pos_y": -101.473, "rotation": 0.0, "side": "top", "designator": "D15", "mpn": null, "pack": "LED_D3.0mm", "value": "LED", "mount_type": "tht", "place": true}, {"pos_x": 210.566, "pos_y": -114.554, "rotation": 0.0, "side": "top", "designator": "D37", "mpn": null, "pack": "LED_D3.0mm", "value": "LED", "mount_type": "tht", "place": true}, {"pos_x": 229.108, "pos_y": -57.023, "rotation": 0.0, "side": "top", "designator": "D29", "mpn": null, "pack": "LED_D3.0mm", "value": "LED", "mount_type": "tht", "place": true}, {"pos_x": 120.015, "pos_y": -52.705, "rotation": 0.0, "side": "top", "designator": "R3", "mpn": null, "pack": "R_Axial_DIN0207_L6.3mm_D2.5mm_P2.54mm_Vertical", "value": "R", "mount_type": "tht", "place": true}, {"pos_x": 152.649, "pos_y": -81.153, "rotation": 0.0, "side": "top", "designator": "D70", "mpn": null, "pack": "LED_D3.0mm", "value": "LED", "mount_type": "tht", "place": true}, {"pos_x": 156.718, "pos_y": -114.554, "rotation": 180.0, "side": "top", "designator": "D17", "mpn": null, "pack": "LED_D3.0mm", "value": "LED", "mount_type": "tht", "place": true}, {"pos_x": 188.722, "pos_y": -135.763, "rotation": 0.0, "side": "top", "designator": "D41", "mpn": null, "pack": "LED_D3.0mm", "value": "LED", "mount_type": "tht", "place": true}, {"pos_x": 135.89, "pos_y": -48.26, "rotation": 0.0, "side": "top", "designator": "R8", "mpn": null, "pack": "R_Axial_DIN0207_L6.3mm_D2.5mm_P2.54mm_Vertical", "value": "R", "mount_type": "tht", "place": true}, {"pos_x": 152.649, "pos_y": -63.373, "rotation": 0.0, "side": "top", "designator": "D68", "mpn": null, "pack": "LED_D3.0mm", "value": "LED", "mount_type": "tht", "place": true}, {"pos_x": 166.624, "pos_y": -116.713, "rotation": 0.0, "side": "top", "designator": "D58", "mpn": null, "pack": "LED_D3.0mm", "value": "LED", "mount_type": "tht", "place": true}, {"pos_x": 214.884, "pos_y": -107.823, "rotation": 0.0, "side": "top", "designator": "D36", "mpn": null, "pack": "LED_D3.0mm", "value": "LED", "mount_type": "tht", "place": true}, {"pos_x": 231.394, "pos_y": -79.883, "rotation": 0.0, "side": "top", "designator": "D32", "mpn": null, "pack": "LED_D3.0mm", "value": "LED", "mount_type": "tht", "place": true}, {"pos_x": 197.099, "pos_y": -107.823, "rotation": 0.0, "side": "top", "designator": "D65", "mpn": null, "pack": "LED_D3.0mm", "value": "LED", "mount_type": "tht", "place": true}, {"pos_x": 182.118, "pos_y": -60.706, "rotation": 0.0, "side": "top", "designator": "D1", "mpn": null, "pack": "LED_D3.0mm", "value": "LED", "mount_type": "tht", "place": true}, {"pos_x": 222.499, "pos_y": -84.328, "rotation": 0.0, "side": "top", "designator": "D84", "mpn": null, "pack": "LED_D3.0mm", "value": "LED", "mount_type": "tht", "place": true}, {"pos_x": 166.624, "pos_y": -90.043, "rotation": 0.0, "side": "top", "designator": "D55", "mpn": null, "pack": "LED_D3.0mm", "value": "LED", "mount_type": "tht", "place": true}, {"pos_x": 166.624, "pos_y": -98.933, "rotation": 0.0, "side": "top", "designator": "D56", "mpn": null, "pack": "LED_D3.0mm", "value": "LED", "mount_type": "tht", "place": true}, {"pos_x": 182.118, "pos_y": -121.666, "rotation": 0.0, "side": "top", "designator": "D49", "mpn": null, "pack": "LED_D3.0mm", "value": "LED", "mount_type": "tht", "place": true}, {"pos_x": 182.118, "pos_y": -86.106, "rotation": 0.0, "side": "top", "designator": "D45", "mpn": null, "pack": "LED_D3.0mm", "value": "LED", "mount_type": "tht", "place": true}, {"pos_x": 120.015, "pos_y": -48.26, "rotation": 0.0, "side": "top", "designator": "R2", "mpn": null, "pack": "R_Axial_DIN0207_L6.3mm_D2.5mm_P2.54mm_Vertical", "value": "R", "mount_type": "tht", "place": true}, {"pos_x": 231.648, "pos_y": -64.643, "rotation": 0.0, "side": "top", "designator": "D30", "mpn": null, "pack": "LED_D3.0mm", "value": "LED", "mount_type": "tht", "place": true}, {"pos_x": 211.069, "pos_y": -90.043, "rotation": 0.0, "side": "top", "designator": "D77", "mpn": null, "pack": "LED_D3.0mm", "value": "LED", "mount_type": "tht", "place": true}, {"pos_x": 130.683, "pos_y": -52.705, "rotation": 0.0, "side": "top", "designator": "R7", "mpn": null, "pack": "R_Axial_DIN0207_L6.3mm_D2.5mm_P2.54mm_Vertical", "value": "R", "mount_type": "tht", "place": true}, {"pos_x": 178.054, "pos_y": -55.753, "rotation": 0.0, "side": "top", "designator": "D2", "mpn": null, "pack": "LED_D3.0mm", "value": "LED", "mount_type": "tht", "place": true}, {"pos_x": 211.069, "pos_y": -72.263, "rotation": 0.0, "side": "top", "designator": "D75", "mpn": null, "pack": "LED_D3.0mm", "value": "LED", "mount_type": "tht", "place": true}, {"pos_x": 152.649, "pos_y": -98.933, "rotation": 0.0, "side": "top", "designator": "D72", "mpn": null, "pack": "LED_D3.0mm", "value": "LED", "mount_type": "tht", "place": true}, {"pos_x": 186.182, "pos_y": -55.753, "rotation": 0.0, "side": "top", "designator": "D22", "mpn": null, "pack": "LED_D3.0mm", "value": "LED", "mount_type": "tht", "place": true}, {"pos_x": 152.649, "pos_y": -54.483, "rotation": 0.0, "side": "top", "designator": "D67", "mpn": null, "pack": "LED_D3.0mm", "value": "LED", "mount_type": "tht", "place": true}, {"pos_x": 197.099, "pos_y": -63.373, "rotation": 0.0, "side": "top", "designator": "D60", "mpn": null, "pack": "LED_D3.0mm", "value": "LED", "mount_type": "tht", "place": true}, {"pos_x": 152.649, "pos_y": -90.043, "rotation": 0.0, "side": "top", "designator": "D71", "mpn": null, "pack": "LED_D3.0mm", "value": "LED", "mount_type": "tht", "place": true}, {"pos_x": 216.154, "pos_y": -46.863, "rotation": 0.0, "side": "top", "designator": "D27", "mpn": null, "pack": "LED_D3.0mm", "value": "LED", "mount_type": "tht", "place": true}, {"pos_x": 141.854, "pos_y": -72.898, "rotation": 0.0, "side": "top", "designator": "D80", "mpn": null, "pack": "LED_D3.0mm", "value": "LED", "mount_type": "tht", "place": true}, {"pos_x": 141.854, "pos_y": -61.468, "rotation": 0.0, "side": "top", "designator": "D79", "mpn": null, "pack": "LED_D3.0mm", "value": "LED", "mount_type": "tht", "place": true}, {"pos_x": 182.118, "pos_y": -94.996, "rotation": 0.0, "side": "top", "designator": "D46", "mpn": null, "pack": "LED_D3.0mm", "value": "LED", "mount_type": "tht", "place": true}, {"pos_x": 166.624, "pos_y": -54.483, "rotation": 0.0, "side": "top", "designator": "D51", "mpn": null, "pack": "LED_D3.0mm", "value": "LED", "mount_type": "tht", "place": true}, {"pos_x": 166.624, "pos_y": -72.263, "rotation": 0.0, "side": "top", "designator": "D53", "mpn": null, "pack": "LED_D3.0mm", "value": "LED", "mount_type": "tht", "place": true}, {"pos_x": 211.069, "pos_y": -81.153, "rotation": 0.0, "side": "top", "designator": "D76", "mpn": null, "pack": "LED_D3.0mm", "value": "LED", "mount_type": "tht", "place": true}, {"pos_x": 166.624, "pos_y": -63.373, "rotation": 0.0, "side": "top", "designator": "D52", "mpn": null, "pack": "LED_D3.0mm", "value": "LED", "mount_type": "tht", "place": true}, {"pos_x": 160.274, "pos_y": -119.253, "rotation": 0.0, "side": "top", "designator": "D18", "mpn": null, "pack": "LED_D3.0mm", "value": "LED", "mount_type": "tht", "place": true}, {"pos_x": 211.069, "pos_y": -98.933, "rotation": 0.0, "side": "top", "designator": "D78", "mpn": null, "pack": "LED_D3.0mm", "value": "LED", "mount_type": "tht", "place": true}, {"pos_x": 197.104, "pos_y": -46.863, "rotation": 0.0, "side": "top", "designator": "D24", "mpn": null, "pack": "LED_D3.0mm", "value": "LED", "mount_type": "tht", "place": true}, {"pos_x": 182.118, "pos_y": -130.556, "rotation": 0.0, "side": "top", "designator": "D50", "mpn": null, "pack": "LED_D3.0mm", "value": "LED", "mount_type": "tht", "place": true}, {"pos_x": 197.099, "pos_y": -72.263, "rotation": 0.0, "side": "top", "designator": "D61", "mpn": null, "pack": "LED_D3.0mm", "value": "LED", "mount_type": "tht", "place": true}, {"pos_x": 124.968, "pos_y": -130.705, "rotation": 0.0, "side": "top", "designator": "J2", "mpn": null, "pack": "USB-B-Buchse", "value": "~", "mount_type": "tht", "place": true}, {"pos_x": 136.144, "pos_y": -57.023, "rotation": 0.0, "side": "top", "designator": "D9", "mpn": null, "pack": "LED_D3.0mm", "value": "LED", "mount_type": "tht", "place": true}, {"pos_x": 133.604, "pos_y": -64.643, "rotation": 0.0, "side": "top", "designator": "D10", "mpn": null, "pack": "LED_D3.0mm", "value": "LED", "mount_type": "tht", "place": true}, {"pos_x": 222.499, "pos_y": -72.898, "rotation": 0.0, "side": "top", "designator": "D83", "mpn": null, "pack": "LED_D3.0mm", "value": "LED", "mount_type": "tht", "place": true}, {"pos_x": 223.774, "pos_y": -50.673, "rotation": 0.0, "side": "top", "designator": "D28", "mpn": null, "pack": "LED_D3.0mm", "value": "LED", "mount_type": "tht", "place": true}, {"pos_x": 139.7, "pos_y": -138.176, "rotation": 0.0, "side": "top", "designator": "SW2", "mpn": null, "pack": "SW2PX", "value": "SW_Push", "mount_type": "tht", "place": true}, {"pos_x": 228.854, "pos_y": -87.503, "rotation": 0.0, "side": "top", "designator": "D33", "mpn": null, "pack": "LED_D3.0mm", "value": "LED", "mount_type": "tht", "place": true}, {"pos_x": 141.854, "pos_y": -84.328, "rotation": 0.0, "side": "top", "designator": "D81", "mpn": null, "pack": "LED_D3.0mm", "value": "LED", "mount_type": "tht", "place": true}, {"pos_x": 209.804, "pos_y": -44.323, "rotation": 0.0, "side": "top", "designator": "D26", "mpn": null, "pack": "LED_D3.0mm", "value": "LED", "mount_type": "tht", "place": true}, {"pos_x": 130.556, "pos_y": -48.26, "rotation": 0.0, "side": "top", "designator": "R6", "mpn": null, "pack": "R_Axial_DIN0207_L6.3mm_D2.5mm_P2.54mm_Vertical", "value": "R", "mount_type": "tht", "place": true}, {"pos_x": 197.104, "pos_y": -54.483, "rotation": 0.0, "side": "top", "designator": "D59", "mpn": null, "pack": "LED_D3.0mm", "value": "LED", "mount_type": "tht", "place": true}, {"pos_x": 170.434, "pos_y": -130.683, "rotation": 0.0, "side": "top", "designator": "D20", "mpn": null, "pack": "LED_D3.0mm", "value": "LED", "mount_type": "tht", "place": true}, {"pos_x": 211.069, "pos_y": -63.373, "rotation": 0.0, "side": "top", "designator": "D74", "mpn": null, "pack": "LED_D3.0mm", "value": "LED", "mount_type": "tht", "place": true}, {"pos_x": 199.644, "pos_y": -124.333, "rotation": 0.0, "side": "top", "designator": "D39", "mpn": null, "pack": "LED_D3.0mm", "value": "LED", "mount_type": "tht", "place": true}, {"pos_x": 166.624, "pos_y": -81.153, "rotation": 0.0, "side": "top", "designator": "D54", "mpn": null, "pack": "LED_D3.0mm", "value": "LED", "mount_type": "tht", "place": true}, {"pos_x": 182.118, "pos_y": -103.886, "rotation": 0.0, "side": "top", "designator": "D47", "mpn": null, "pack": "LED_D3.0mm", "value": "LED", "mount_type": "tht", "place": true}, {"pos_x": 139.954, "pos_y": -95.123, "rotation": 0.0, "side": "top", "designator": "D14", "mpn": null, "pack": "LED_D3.0mm", "value": "LED", "mount_type": "tht", "place": true}, {"pos_x": 182.118, "pos_y": -112.776, "rotation": 0.0, "side": "top", "designator": "D48", "mpn": null, "pack": "LED_D3.0mm", "value": "LED", "mount_type": "tht", "place": true}, {"pos_x": 222.499, "pos_y": -61.468, "rotation": 0.0, "side": "top", "designator": "D82", "mpn": null, "pack": "LED_D3.0mm", "value": "LED", "mount_type": "tht", "place": true}, {"pos_x": 172.974, "pos_y": -50.673, "rotation": 0.0, "side": "top", "designator": "D3", "mpn": null, "pack": "LED_D3.0mm", "value": "LED", "mount_type": "tht", "place": true}, {"pos_x": 182.118, "pos_y": -68.326, "rotation": 0.0, "side": "top", "designator": "D43", "mpn": null, "pack": "LED_D3.0mm", "value": "LED", "mount_type": "tht", "place": true}]